{
  "HTTP Request-1" : {
    "transaction" : "HTTP Request-1",
    "sampleCount" : 150,
    "errorCount" : 0,
    "errorPct" : 0.0,
    "meanResTime" : 74.68666666666665,
    "medianResTime" : 59.0,
    "minResTime" : 56.0,
    "maxResTime" : 659.0,
    "pct1ResTime" : 67.9,
    "pct2ResTime" : 78.59999999999991,
    "pct3ResTime" : 656.96,
    "throughput" : 4.251700680272109,
    "receivedKBytesPerSec" : 55.687313988095234,
    "sentKBytesPerSec" : 0.4899420705782313
  },
  "Total" : {
    "transaction" : "Total",
    "sampleCount" : 450,
    "errorCount" : 0,
    "errorPct" : 0.0,
    "meanResTime" : 93.18666666666668,
    "medianResTime" : 63.0,
    "minResTime" : 54.0,
    "maxResTime" : 990.0,
    "pct1ResTime" : 125.0,
    "pct2ResTime" : 133.45,
    "pct3ResTime" : 528.5200000000023,
    "throughput" : 12.636544887815562,
    "receivedKBytesPerSec" : 114.8806724045941,
    "sentKBytesPerSec" : 2.311763745752717
  },
  "HTTP Request-0" : {
    "transaction" : "HTTP Request-0",
    "sampleCount" : 150,
    "errorCount" : 0,
    "errorPct" : 0.0,
    "meanResTime" : 64.97999999999999,
    "medianResTime" : 59.0,
    "minResTime" : 54.0,
    "maxResTime" : 329.0,
    "pct1ResTime" : 65.0,
    "pct2ResTime" : 82.14999999999992,
    "pct3ResTime" : 299.9300000000005,
    "throughput" : 4.218815918998734,
    "receivedKBytesPerSec" : 2.274205456335255,
    "sentKBytesPerSec" : 0.6715497996062438
  },
  "HTTP Request" : {
    "transaction" : "HTTP Request",
    "sampleCount" : 150,
    "errorCount" : 0,
    "errorPct" : 0.0,
    "meanResTime" : 139.89333333333326,
    "medianResTime" : 120.0,
    "minResTime" : 113.0,
    "maxResTime" : 990.0,
    "pct1ResTime" : 132.9,
    "pct2ResTime" : 149.79999999999995,
    "pct3ResTime" : 959.4000000000005,
    "throughput" : 4.212181629271854,
    "receivedKBytesPerSec" : 57.44033620229705,
    "sentKBytesPerSec" : 1.1558818728763585
  }
}